{
	"ambientocclusion": false,
	"textures": {
		"particle": "#wheat"
	},
	"elements": [
		{
 "from": [2, -1, 0 ],
"to": [ 2, 24, 16 ],
"shade": false,
			"faces": {
				"east": {"uv": [0, 0, 16, 16], "texture": "#wheat"},
				"west": {"uv": [0, 0, 16, 16], "texture": "#wheat"}
			}
		},
        	{
 "from": [14, -1, 0 ],
"to": [ 14, 24, 16 ],
"shade": false,
			"faces": {
				"east": {"uv": [0, 0, 16, 16], "texture": "#wheat"},
				"west": {"uv": [0, 0, 16, 16], "texture": "#wheat"}
			}
		},
        		{
 "from": [0, -1, 2 ],
"to": [ 16, 24, 2 ],
"shade": false,
			"faces": {
				"north": {"uv": [0, 0, 16, 16], "texture": "#wheat"},
				"south": {"uv": [0, 0, 16, 16], "texture": "#wheat"}
			}
		},
        	{
 "from": [0, -1, 14 ],
"to": [ 16, 24, 14 ],
"shade": false,
			"faces": {
				"north": {"uv": [0, 0, 16, 16], "texture": "#wheat"},
				"south": {"uv": [0, 0, 16, 16], "texture": "#wheat"}
			}
		}
	]
}