{
  "parent": "minecraft:item/handheldpvp",
  "textures": {
    "layer0": "item/stone_axe"
  },
    "overrides": [
        {
            "predicate": {
                "damaged": 1,
                "damage": 0.50
            },
            "model": "item/damage/sa1"
        },
        {
            "predicate": {
                "damaged": 1,
                "damage": 0.75
            },
            "model": "item/damage/sa2"
        },
        {
            "predicate": {
                "damaged": 1,
                "damage": 0.99
            },
            "model": "item/damage/sa3"
        }
    ]
}
