{
  "parent": "minecraft:item/handheld",
  "textures": {
    "layer0": "item/stone_shovel"
  },
    "overrides": [
        {
            "predicate": {
                "damaged": 1,
                "damage": 0.50
            },
            "model": "item/damage/ssh1"
        },
        {
            "predicate": {
                "damaged": 1,
                "damage": 0.75
            },
            "model": "item/damage/ssh2"
        },
        {
            "predicate": {
                "damaged": 1,
                "damage": 0.99
            },
            "model": "item/damage/ssh3"
        }
    ]
}
