{
  "parent": "minecraft:item/handheldpvp",
  "textures": {
    "layer0": "item/stone_sword"
  },
    "overrides": [
        {
            "predicate": {
                "damaged": 1,
                "damage": 0.50
            },
            "model": "item/damage/ss1"
        },
        {
            "predicate": {
                "damaged": 1,
                "damage": 0.75
            },
            "model": "item/damage/ss2"
        },
        {
            "predicate": {
                "damaged": 1,
                "damage": 0.99
            },
            "model": "item/damage/ss3"
        }
    ]
}
