{
  "parent": "minecraft:item/handheld",
  "textures": {
    "layer0": "minecraft:item/wooden_shovel"
  },
    "overrides": [
        {
            "predicate": {
                "damaged": 1,
                "damage": 0.50
            },
            "model": "item/damage/wsh1"
        },
        {
            "predicate": {
                "damaged": 1,
                "damage": 0.75
            },
            "model": "item/damage/wsh2"
        },
        {
            "predicate": {
                "damaged": 1,
                "damage": 0.98
            },
            "model": "item/damage/wsh3"
        }
    ]
}
