{
  "parent": "minecraft:item/handheldpvp",
  "textures": {
    "layer0": "item/wooden_sword"
  },
    "overrides": [
        {
            "predicate": {
                "damaged": 1,
                "damage": 0.50
            },
            "model": "item/damage/ws1"
        },
        {
            "predicate": {
                "damaged": 1,
                "damage": 0.75
            },
            "model": "item/damage/ws2"
        },
        {
            "predicate": {
                "damaged": 1,
                "damage": 0.98
            },
            "model": "item/damage/ws3"
        }
    ]
}
