{
  "parent": "minecraft:item/handheldpvp2",
  "textures": {
    "layer0": "minecraft:item/wooden_axe"
  },
    "overrides": [
        {
            "predicate": {
                "damaged": 1,
                "damage": 0.50
            },
            "model": "item/damage/wa1"
        },
        {
            "predicate": {
                "damaged": 1,
                "damage": 0.75
            },
            "model": "item/damage/wa2"
        },
        {
            "predicate": {
                "damaged": 1,
                "damage": 0.98
            },
            "model": "item/damage/wa3"
        }
    ]
}
